ID img,Genre,Note,input,Link,Group,Vid
smu235,Photo,"Josei, Romance, Featured:7",,https://i.ibb.co/TqmGGvgy/smu-235.jpg,,
smu234,Photo,"Yaoi, Romance, Featured:1",,https://i.ibb.co/gZT09s8p/smu-234.jpg,,
smu233,Photo,"Josei, Romance, Trending:3",,https://i.ibb.co/JRbdFPfY/smu-233.jpg,smu232,
smu232,Photo,"Josei, Romance",,https://i.ibb.co/G4qr4xRk/smu-232.jpg,smu232,
smu231,Photo,"Josei, Romance, Trending:2",,https://i.ibb.co/mVdzY9tp/smu-231.jpg,smu230,
smu230,Photo,"Josei, Romance",,https://i.ibb.co/F4BJJCcZ/smu-230.jpg,smu230,
smu229,Photo,"Yaoi, Romance",,https://i.ibb.co/397tk79W/smu-229.jpg,,
smu228,Photo,"Yaoi, Romance",,https://i.ibb.co/xKk25nxv/smu-228.jpg,smu227,
smu227,Photo,"Yaoi, Romance",,https://i.ibb.co/qMrDmkh2/smu-227.jpg,smu227,
smu226,Photo,"Yaoi, Romance, Featured:12",,https://i.ibb.co/spjHqS4r/smu-226.jpg,smu227,
smu225,Photo,"Yaoi, Romance",,https://i.ibb.co/F4GJ893z/smu-225.jpg,smu227,
smu224,Photo,"Yaoi, Romance",,https://i.ibb.co/DqNSc4S/smu-224.jpg,smu227,
smu223,Photo,"Yaoi, Romance, Trending:6",,https://i.ibb.co/XkMnW83w/smu-223.jpg,,
smu222,Photo,"Yaoi, Romance, Trending:7",,https://i.ibb.co/4Zc11qnY/smu-222.jpg,,
smu221,Photo,"Yaoi, Romance, Trending:5",,https://i.ibb.co/Fkyzrvgn/smu-221.jpg,,
smu220,Photo,"Yaoi, Romance",,https://i.ibb.co/yBN86s10/smu-220.jpg,,
smu219,Photo,Guy,,https://i.ibb.co/M58W3hFq/smu-219.jpg,,
smu218,Photo,"Yaoi, Romance, Trending:13",,https://i.ibb.co/9HxJ2bkX/smu-218.jpg,,
smu217,Photo,"Yaoi, Romance, Trending:8",,https://i.ibb.co/NnF7SDn4/smu-217.jpg,,
smu216,Photo,"Yaoi, Romance, Mature, Omegaverse",,https://i.ibb.co/qFyC2FPh/smu-216.jpg,,
smu215,Photo,"Yaoi, Romance, Featured:2",,https://i.ibb.co/HLWdZjKH/smu-215.jpg,,
smu214,Photo,"Josei, Romance",,https://i.ibb.co/rh8r3rj/smu-214.jpg,,
smu213,Photo,"Yaoi, Romance, Trending:12",,https://i.ibb.co/d48CGmt2/smu-213.jpg,,
smu212,Photo,"Yaoi, Romance, Featured:5",,https://i.ibb.co/hFkSmnvc/smu-212.jpg,,
smu211,Photo,"Yaoi, Romance, Featured:4",,https://i.ibb.co/hRZBvPf0/smu-211.jpg,,
smu210,Photo,"Yaoi, Romance, Featured:3",,https://i.ibb.co/ccm6RBkp/smu-210.jpg,,
smu209,Photo,"Josei, Romance",,https://i.ibb.co/s9h23rST/smu-209.jpg,,
smu208,Photo,"Josei, Romance, Featured:8",,https://i.ibb.co/FS2NcfH/smu-208.jpg,,
smu207,Photo,"Josei, Romance",,https://i.ibb.co/vxJ0SJXS/smu-207.jpg,,
smu206,Photo,"Josei, Romance",,https://i.ibb.co/dJX65SS2/smu-206.jpg,,
smu205,Photo,"Josei, Romance",,https://i.ibb.co/fWdmQf5/smu-205.jpg,,
smu204,Photo,"Josei, Romance",,https://i.ibb.co/5hmG5QWW/smu-204.jpg,smu203,
smu203,Photo,"Josei, Romance",,https://i.ibb.co/x8GMbQv4/smu-203.jpg,smu203,
smu202,Photo,"Josei, Romance",,https://i.ibb.co/CjCZGVC/smu-202.jpg,smu201,
smu201,Photo,"Josei, Romance, Featured:15",,https://i.ibb.co/Kjctc5wY/smu-201.jpg,smu201,
smu200,Photo,"Yaoi, Romance",,https://i.ibb.co/4RvyvRFx/smu-200.jpg,smu198,
smu199,Photo,"Yaoi, Romance",,https://i.ibb.co/rK3GnH0y/smu-199.jpg,smu198,
smu198,Photo,"Yaoi, Romance, Featured:11, White",,https://i.ibb.co/JwR3fxP0/smu-198.jpg,smu198,
smu197,Photo,"Yaoi, Romance",,https://i.ibb.co/gZn3g7hN/smu-197.jpg,smu197,
smu196,Photo,"Yaoi, Romance",,https://i.ibb.co/rfwNS1bB/smu-196.jpg,smu197,
smu195,Photo,"Yaoi, Romance, Trending:9",,https://i.ibb.co/spmZvshK/smu-195.jpg,,
smu194,Photo,"Josei, Romance",,https://i.ibb.co/ZzhZPRC7/smu-194.jpg,,
smu193,Photo,"Josei, Romance",,https://i.ibb.co/8D4bmXjN/smu-193.jpg,,
smu192,Photo,"Josei, Romance",,https://i.ibb.co/N2GCFMth/smu-192.jpg,,
smu191,Photo,"Josei, Romance, Trending:14",,https://i.ibb.co/zTrk9H2s/smu-191.jpg,,
smu190,Photo,"Yaoi, Romance",,https://i.ibb.co/dJLRNwFz/smu-190.jpg,smu185,
smu189,Photo,"Yaoi, Romance",,https://i.ibb.co/B5XZhrZv/smu-189.jpg,smu185,
smu188,Photo,"Yaoi, Romance",,https://i.ibb.co/4ZzMvQ5J/smu-188.jpg,smu185,
smu187,Photo,"Yaoi, Romance",,https://i.ibb.co/GQKKJWhr/smu-187.jpg,smu185,
smu186,Photo,"Yaoi, Romance, Featured:13",,https://i.ibb.co/S4t4FmDN/smu-186.jpg,smu185,
smu185,Photo,"Yaoi, Romance",,https://i.ibb.co/Y4NTLh6z/smu-185.jpg,smu185,
smu184,Photo,"Josei, Romance",,https://i.ibb.co/4nww5xxT/smu-184.jpg,,
smu183,Photo,Girl,,https://i.ibb.co/Q3WCzTW1/smu-183.jpg,,
smu182,Photo,"Girl, Trending:15",,https://i.ibb.co/Q7NqXz7S/smu-182.jpg,,
smu181,Photo,Girl,,https://i.ibb.co/tTS7LQxZ/smu-181.jpg,,
smu180,Photo,Girl,,https://i.ibb.co/hFyHHYcK/smu-180.jpg,,
smu179,Photo,"Josei, Romance",,https://i.ibb.co/xKLhBn7P/smu-179.jpg,,
smu178,Photo,"Yaoi, Romance",,https://i.ibb.co/hQd6Z6c/smu-178.jpg,smu178,
smu177,Photo,"Yaoi, Romance, Trending:1",,https://i.ibb.co/cK6QxYZM/smu-177.jpg,smu178,
smu176,Photo,"Josei, Romance",,https://i.ibb.co/xS0sNZ0r/smu-176.jpg,,
smu175,Photo,"Josei, Romance",,https://i.ibb.co/d45x5zZd/smu-175.jpg,,
smu174,Photo,"Yaoi, Romance",,https://i.ibb.co/wrW2vxV4/smu-174.jpg,smu174,
smu173,Photo,"Yaoi, Romance",,https://i.ibb.co/99S5FHpx/smu-173.jpg,smu174,
smu172,Photo,"Yaoi, Romance",,https://i.ibb.co/3m5mr2M5/smu-172.jpg,smu174,
smu171,Photo,"Yaoi, Romance, Featured:14",,https://i.ibb.co/TDsxhcT6/smu-171.jpg,smu174,
smu170,Photo,"Yaoi, Romance",,https://i.ibb.co/3mxkdYt3/smu-170.jpg,smu174,
smu169,Photo,"Josei, Mature",,https://i.ibb.co/fz856gz5/smu-169.jpg,smu62,
smu168,Photo,"Yaoi, Romance, White",,https://i.ibb.co/HpRJG62d/smu-168.jpg,smu174,
smu167,Photo,"Yaoi, Romance",,https://i.ibb.co/tTpwXVtJ/smu-167.jpg,smu174,
smu166,Photo,"Yaoi, Romance",,https://i.ibb.co/LhRSXK4X/smu-166.jpg,smu174,
smu165,Photo,"Yaoi, Romance",,https://i.ibb.co/C3c848vt/smu-165.jpg,smu174,
smu164,Photo,"Yaoi, Romance",,https://i.ibb.co/2RBDTWM/smu-164.jpg,smu174,
smu163,Photo,"Yaoi, Romance",,https://i.ibb.co/n84mdhKr/smu-163.jpg,smu174,
smu162,Photo,"Yaoi, Romance",,https://i.ibb.co/NgQqs1Lw/smu-162.jpg,smu174,
smu161,Photo,"Yaoi, Romance, Trending:10",,https://i.ibb.co/ZRmMBPYf/smu-161.jpg,,
smu160,Photo,"Josei, Romance",,https://i.ibb.co/yFb84LjP/smu-160.jpg,,
smu159,Photo,"Josei, Romance",,https://i.ibb.co/3YYrwRHz/smu-159.jpg,smu39,
smu158,Photo,"Josei, Mature",,https://i.ibb.co/XrLNsTzq/smu-158.jpg,smu124,
smu157,Photo,"Yaoi, Mature",,https://i.ibb.co/pNWWvgt/smu-157.jpg,smu104,
smu156,Photo,"Yaoi, Mature",,https://i.ibb.co/hxcxBZMc/smu-156.jpg,smu104,
smu155,Photo,"Josei, Mature",,https://i.ibb.co/cPfSvKf/smu-155.jpg,smu155,
smu154,Photo,"Josei, Mature",,https://i.ibb.co/tMcjR73x/smu-154.jpg,smu155,
smu153,Photo,"Josei, Mature",,https://i.ibb.co/PGrGdhZH/smu-153.jpg,smu155,
smu152,Photo,"Josei, Mature",,https://i.ibb.co/v4ts1Ky1/smu-152.jpg,smu155,
smu151,Photo,"Josei, Mature",,https://i.ibb.co/3m1NcGhS/smu-151.jpg,smu155,
smu150,Photo,"Josei, Mature",,https://i.ibb.co/35JzJ7jj/smu-150.jpg,smu155,
smu149,Photo,"Josei, Mature",,https://i.ibb.co/ynt3LJ44/smu-149.jpg,smu155,
smu148,Photo,"Josei, Mature",,https://i.ibb.co/zWPWMBM8/smu-148.jpg,smu155,
smu147,Photo,"Josei, Mature",,https://i.ibb.co/8DB6zdBD/smu-147.jpg,smu155,
smu146,Photo,"Josei, Mature",,https://i.ibb.co/WvXyVNVQ/smu-146.jpg,smu155,
smu145,Photo,"Josei, Mature",,https://i.ibb.co/gb9H05qf/smu-145.jpg,smu155,
smu144,Photo,"Josei, Mature",,https://i.ibb.co/4gFCLRH6/smu-144.jpg,smu155,
smu143,Photo,"Josei, Mature",,https://i.ibb.co/PZ1LS0hg/smu-143.jpg,smu155,
smu142,Photo,"Josei, Mature",,https://i.ibb.co/6JqkTzYn/smu-142.jpg,smu63,
smu141,Photo,"Josei, Mature",,https://i.ibb.co/YBZSs8dd/smu-141.jpg,smu62,
smu140,Photo,"Josei, Mature",,https://i.ibb.co/bf2TmLD/smu-140.jpg,smu62,
smu139,Photo,"Josei, Mature",,https://i.ibb.co/BF0gn35/smu-139.jpg,smu63,
smu138,Photo,"Josei, Mature",,https://i.ibb.co/hJJPX0pq/smu-138.jpg,smu63,
smu137,Photo,"Futanari, Mature",,https://i.ibb.co/0yXgnqyL/smu-137.jpg,smu62,
smu136,Photo,"Josei, Mature",,https://i.ibb.co/tTrLxkCt/smu-136.jpg,smu62,
smu135,Photo,"Futanari, Mature",,https://i.ibb.co/Z1L2X039/smu-135.jpg,smu62,
smu134,Photo,"Josei, Mature",,https://i.ibb.co/JFGsrbLF/smu-134.jpg,smu63,
smu133,Photo,"Josei, Mature",,https://i.ibb.co/F4Q0ckBp/smu-133.jpg,smu63,
smu132,Photo,"Josei, Mature",,https://i.ibb.co/Dg9FxBHs/smu-132.jpg,smu62,
smu131,Photo,"Josei, Mature",,https://i.ibb.co/fYpmp8DF/smu-131.jpg,smu62,
smu130,Photo,"Josei, Mature",,https://i.ibb.co/v6gT1wjh/smu-130.jpg,smu63,
smu129,Photo,"Josei, Mature",,https://i.ibb.co/d48fS1VN/smu-129.jpg,smu63,
smu128,Photo,"Josei, Mature",,https://i.ibb.co/LXsm1P6T/smu-128.jpg,smu124,
smu127,Photo,"Futanari, Mature",,https://i.ibb.co/qF9qPDSW/smu-127.jpg,smu120,
smu126,Photo,"Josei, Mature",,https://i.ibb.co/9HL0M4JJ/smu-126.jpg,smu124,
smu125,Photo,"Josei, Mature",,https://i.ibb.co/LhtcnHtc/smu-125.jpg,smu124,
smu124,Photo,"Josei, Mature",,https://i.ibb.co/d44D2tzn/smu-124.jpg,smu124,
smu123,Photo,"Futanari, Mature",,https://i.ibb.co/7JWQsGMm/smu-123.jpg,,
smu122,Photo,"Futanari, Mature",,https://i.ibb.co/SFqRdZb/smu-122.jpg,,
smu121,Photo,"Futanari, Mature",,https://i.ibb.co/4wfgJw4Y/smu-121.jpg,,
smu120,Photo,"Futanari, Mature",,https://i.ibb.co/whJCKVyR/smu-120.jpg,smu120,
smu119,Photo,"Futanari, Mature",,https://i.ibb.co/0y4zxLgg/smu-119.jpg,smu120,
smu118,Photo,"Futanari, Mature",,https://i.ibb.co/7dTsc91Z/smu-118.jpg,,
smu117,Photo,"Futanari, Mature",,https://i.ibb.co/SDNjBMjs/smu-117.jpg,,
smu116,Photo,"Josei, Mature, Girl",,https://i.ibb.co/hFv73TyH/smu-116.jpg,,
smu115,Photo,"Josei, Mature, Girl",,https://i.ibb.co/8gvxLn3d/smu-115.jpg,,
smu114,Photo,"Josei, Romance, Trending:11",,https://i.ibb.co/KcHhhh1w/smu-114.jpg,smu113,
smu113,Photo,"Josei, Romance",,https://i.ibb.co/zcCnDM8/smu-113.jpg,smu113,
smu112,Photo,"Josei, Mature, Girl",,https://i.ibb.co/9kbhN5PF/smu-112.jpg,,
smu111,Photo,"Josei, Mature",,https://i.ibb.co/xSTFKC20/smu-111.jpg,smu62,
smu110,Photo,"Josei, Mature",,https://i.ibb.co/Fr8NgNS/smu-110.jpg,smu62,
smu109,Photo,"Josei, Mature",,https://i.ibb.co/fdZbCHrs/smu-109.jpg,smu62,
smu108,Photo,"Josei, Mature",,https://i.ibb.co/Kx7nTN9h/smu-108.jpg,smu155,
smu107,Photo,"Josei, Romance, Featured:6",,https://i.ibb.co/nsGWspsd/smu-107.jpg,,
smu106,Photo,"Josei, Romance",,https://i.ibb.co/kgjmdksQ/smu-106.jpg,,
smu105,Photo,"Josei, Romance",,https://i.ibb.co/gZwqbRN4/smu-105.jpg,,
smu104,Photo,"Yaoi, Mature",,https://i.ibb.co/0jSWY2wD/smu-104.jpg,smu104,
smu103,Photo,"Yaoi, Mature",,https://i.ibb.co/TM470X3B/smu-103.jpg,,
smu102,Photo,"Yaoi, Mature",,https://i.ibb.co/tPHMyfNn/smu-102.jpg,smu104,
smu101,Photo,"Yaoi, Mature",,https://i.ibb.co/wZ8KjgdZ/smu-101.jpg,,
smu100,Photo,"Yaoi, Mature",,https://i.ibb.co/k2pbR7JK/smu-100.jpg,,
smu99,Photo,"Yaoi, Mature",,https://i.ibb.co/vCh2r3Vk/smu-99.jpg,smu104,
smu98,Photo,"Futanari, Mature",,https://i.ibb.co/bM8gcQ1w/smu-98.jpg,,
smu97,Photo,"Yaoi, Mature",,https://i.ibb.co/1JQfGzLb/smu-97.jpg,smu91,
smu96,Photo,"Yaoi, Mature",,https://i.ibb.co/xKG698Vt/smu-96.jpg,smu91,
smu95,Photo,"Yaoi, Mature",,https://i.ibb.co/5WZ4Gm3B/smu-95.jpg,smu91,
smu94,Photo,"Yaoi, Mature",,https://i.ibb.co/bRjDxTGn/smu-94.jpg,smu91,
smu93,Photo,"Yaoi, Mature",,https://i.ibb.co/0VX51BTv/smu-93.jpg,smu91,
smu92,Photo,"Yaoi, Mature",,https://i.ibb.co/Fbyx0TsP/smu-92.jpg,smu91,
smu91,Photo,"Yaoi, Mature",,https://i.ibb.co/B2snddcn/smu-91.jpg,smu91,
smu90,Photo,"Yaoi, Mature",,https://i.ibb.co/KjWWyXhr/smu-90.jpg,smu91,
smu89,Photo,"Yaoi, Romance, White",,https://i.ibb.co/pB1MWNvP/smu-89.jpg,smu89,
smu88,Photo,"Yaoi, Mature",,https://i.ibb.co/0R3BTnQY/smu-88.jpg,smu79,
smu87,Photo,"Yaoi, Mature",,https://i.ibb.co/W4Mk2X13/smu-87.jpg,smu79,
smu86,Photo,"Yaoi, Mature",,https://i.ibb.co/GQspw5Vv/smu-86.jpg,smu79,
smu85,Photo,"Yaoi, Mature",,https://i.ibb.co/MDhWm1SF/smu-85.jpg,smu79,
smu84,Photo,"Yaoi, Mature",,https://i.ibb.co/Lh2jHFRQ/smu-84.jpg,smu79,
smu83,Photo,"Yaoi, Mature",,https://i.ibb.co/ZqL1Mht/smu-83.jpg,smu79,
smu82,Photo,"Yaoi, Mature",,https://i.ibb.co/FL1hjDHX/smu-82.jpg,smu79,
smu81,Photo,"Yaoi, Mature",,https://i.ibb.co/dsfzfpRP/smu-81.jpg,smu79,
smu80,Photo,"Yaoi, Mature, Trending:4",,https://i.ibb.co/RT0HtKnn/smu-80.jpg,smu79,
smu79,Photo,"Yaoi, Mature",,https://i.ibb.co/6RVx0PFX/smu-79.jpg,smu79,
smu78,Photo,"Yaoi, Romance, White",,https://i.ibb.co/pvBD2BVV/smu-78.jpg,smu89,
smu77,Photo,"Yaoi, Romance, White",,https://i.ibb.co/NHN6ZQM/smu-77.jpg,smu89,
smu76,Photo,"Yaoi, Romance, White",,https://i.ibb.co/7JmbV704/smu-76.jpg,smu89,
smu75,Photo,"Yaoi, Romance",,https://i.ibb.co/PGkmsBYs/smu-75.jpg,smu67,
smu74,Photo,"Yaoi, Romance",,https://i.ibb.co/hFS8n13T/smu-74.jpg,smu67,
smu73,Photo,"Yaoi, Romance",,https://i.ibb.co/s9DLtPgK/smu-73.jpg,smu67,
smu72,Photo,"Yaoi, Romance",,https://i.ibb.co/kg9nV4cX/smu-72.jpg,smu67,
smu71,Photo,"Yaoi, Romance",,https://i.ibb.co/qLxSr2jc/smu-71.jpg,smu67,
smu70,Photo,"Yaoi, Romance",,https://i.ibb.co/6hRXD5Y/smu-70.jpg,smu67,
smu69,Photo,"Yaoi, Romance",,https://i.ibb.co/S7V41ftS/smu-69.jpg,smu67,
smu68,Photo,"Yaoi, Romance",,https://i.ibb.co/hxwBJQF0/smu-68.jpg,smu67,
smu67,Photo,"Yaoi, Romance",,https://i.ibb.co/mrqTgntt/smu-67.jpg,smu67,
smu66,Photo,"Yaoi, Romance",,https://i.ibb.co/hJhHYwDK/smu-66.jpg,smu67,
smu65,Photo,"Josei, Mature",,https://i.ibb.co/gFhgD332/smu-65.jpg,smu63,
smu64,Photo,"Josei, Mature",,https://i.ibb.co/mFTPPKs3/smu-64.jpg,smu63,
smu63,Photo,"Josei, Mature",,https://i.ibb.co/fzR3GVkq/smu-63.jpg,smu63,
smu62,Photo,"Josei, Mature",,https://i.ibb.co/LdMKDt1c/smu-62.jpg,smu62,
smu61,Photo,"Futanari, Mature",,https://i.ibb.co/QvXvv3Sf/smu-61.jpg,,
smu60,Photo,"Futanari, Mature, Trending:16",,https://i.ibb.co/ntQ9tch/smu-60.jpg,smu60,
smu59,Photo,"Josei, Mature",,https://i.ibb.co/zh26vh1F/smu-59.jpg,,
smu58,Photo,"Futanari, Mature",,https://i.ibb.co/DDqCCcyM/smu-58.jpg,,
smu57,Photo,"Futanari, Mature",,https://i.ibb.co/v2yTr33/smu-57.jpg,smu60,
smu56,Photo,"Yuri, Mature",,https://i.ibb.co/FkKSNw4H/smu-56.jpg,,
smu55,Photo,"Josei, Mature, Girl",,https://i.ibb.co/Jwc4kBss/smu-55.jpg,,
smu54,Photo,"Futanari, Mature",,https://i.ibb.co/rKBjbRbQ/smu-54.jpg,,
smu53,Photo,"Yaoi, Mature",,https://i.ibb.co/cXxWq7xM/smu-53.jpg,smu53,
smu52,Photo,"Yaoi, Mature",,https://i.ibb.co/LXjVwD9p/smu-52.jpg,smu53,
smu51,Photo,"Yaoi, Mature",,https://i.ibb.co/GfXDCfWc/smu-51.jpg,,
smu50,Photo,"Yaoi, Romance",,https://i.ibb.co/LX2D17Cr/smu-50.jpg,,
smu49,Photo,"Yaoi, Romance",,https://i.ibb.co/D3MnMZw/smu-49.jpg,,
smu48,Photo,"Yaoi, Romance",,https://i.ibb.co/cSftYbG6/smu-48.jpg,,
smu47,Photo,"Yaoi, Romance",,https://i.ibb.co/n8fKKktf/smu-47.jpg,,
smu46,Photo,"Josei, Romance",,https://i.ibb.co/8gmpvhm8/smu-46.jpg,,
smu45,Photo,"Josei, Romance, Featured:16",,https://i.ibb.co/jk6tXySM/smu-45.jpg,smu43,
smu44,Photo,"Josei, Romance",,https://i.ibb.co/VYdWgmSk/smu-44.jpg,smu43,
smu43,Photo,"Josei, Romance",,https://i.ibb.co/G3nckB8L/smu-43.jpg,smu43,
smu42,Photo,"Josei, Romance",,https://i.ibb.co/j9CrhNQ6/smu-42.jpg,smu39,
smu41,Photo,"Josei, Romance",,https://i.ibb.co/fz69nxJW/smu-41.jpg,smu39,
smu40,Photo,"Josei, Romance",,https://i.ibb.co/R4MvtNcS/smu-40.jpg,smu39,
smu39,Photo,"Josei, Romance",,https://i.ibb.co/FkLNhPkS/smu-39.jpg,smu39,
smu38,Photo,"Josei, Romance",,https://i.ibb.co/jvq0CsYm/smu-38.jpg,,
smu37,Photo,"Futanari, Mature",,https://i.ibb.co/jZPtcxL0/smu-37.jpg,,
smu36,Photo,"Josei, Mature, Girl",,https://i.ibb.co/7dLgZ1k1/smu-36.jpg,,
smu35,Photo,"Futanari, Mature",,https://i.ibb.co/KjBLmMmq/smu-35.jpg,smu34,
smu34,Photo,"Futanari, Mature",,https://i.ibb.co/PGnFFnLF/smu-34.jpg,smu34,
smu33,Photo,"Futanari, Mature",,https://i.ibb.co/nM3bbGTK/smu-33.jpg,smu34,
smu32,Photo,"Josei, Mature, Girl",,https://i.ibb.co/Y4Czw03K/smu-32.jpg,,
smu31,Photo,"Futanari, Mature",,https://i.ibb.co/Hp1YS7q8/smu-31.jpg,smu28,
smu30,Photo,"Futanari, Mature",,https://i.ibb.co/1YyH2tyx/smu-30.jpg,smu28,
smu29,Photo,"Futanari, Mature",,https://i.ibb.co/R4NY3pWF/smu-29.jpg,smu28,
smu28,Photo,"Futanari, Mature",,https://i.ibb.co/GfsC2mRH/smu-28.jpg,smu28,
smu27,Photo,"Futanari, Mature",,https://i.ibb.co/0Rc4zRBZ/smu-27.jpg,smu28,
smu26,Photo,"Josei, Mature",,https://i.ibb.co/Mxh0T49Z/smu-26.jpg,smu62,
smu25,Photo,"Josei, Mature",,https://i.ibb.co/N5xTvJG/smu-25.jpg,smu62,
smu24,Photo,"Josei, Mature",,https://i.ibb.co/rf4bWKPH/smu-24.jpg,smu62,
smu23,Photo,"Yaoi, Mature",,https://i.ibb.co/mr7SmWk0/smu-23.jpg,smu23,
smu22,Photo,"Yaoi, Mature",,https://i.ibb.co/hFLZS980/smu-22.jpg,smu20,
smu21,Photo,"Yaoi, Mature",,https://i.ibb.co/rWXGxF1/smu-21.jpg,smu23,
smu20,Photo,"Yaoi, Mature",,https://i.ibb.co/hFCTCd9Q/smu-20.jpg,smu20,
smu19,Photo,"Futanari, Mature",,https://i.ibb.co/B2KXB9Qj/smu-19.jpg,,
smu18,Photo,"Futanari, Mature",,https://i.ibb.co/d4g8Q2D0/smu-18.jpg,,
smu17,Photo,"Futanari, Mature",,https://i.ibb.co/jZfXCMvq/smu-17.jpg,,
smu16,Photo,"Futanari, Mature",,https://i.ibb.co/JwKnRc81/smu-16.jpg,,
smu15,Photo,"Futanari, Mature",,https://i.ibb.co/qfyYHLW/smu-15.jpg,,
smu14,Photo,"Yaoi, Mature",,https://i.ibb.co/qFgJdX1C/smu-14.jpg,,
smu13,Photo,"Yaoi, Mature",,https://i.ibb.co/n83mqy2h/smu-13.jpg,,
smu12,Photo,"Josei, Mature",,https://i.ibb.co/XZ5FyJmS/smu-12.jpg,,
smu11,Photo,"Yaoi, Mature",,https://i.ibb.co/k6vxn6Nx/smu-11.jpg,,
smu10,Photo,"Yaoi, Mature",,https://i.ibb.co/1NHZhSv/smu-10.jpg,,
smu9,Photo,"Yaoi, Mature, Guy",,https://i.ibb.co/yFHHRbVt/smu-9.jpg,,
smu8,Photo,"Yaoi, Mature",,https://i.ibb.co/0jJQzmXZ/smu-8.jpg,,
smu7,Photo,"Yaoi, Mature",,https://i.ibb.co/8tjKzWd/smu-7.jpg,,
smu6,Photo,"Yaoi, Mature",,https://i.ibb.co/VcMBtPHL/smu-6.jpg,,
smu5,Photo,"Yaoi, Mature, Guy",,https://i.ibb.co/VpTh1Fck/smu-5.jpg,,
smu4,Photo,"Yaoi, Mature, Guy",,https://i.ibb.co/3Y8nHLkQ/smu-4.jpg,,
smu3,Photo,"Yaoi, Mature, Featured:10",,https://i.ibb.co/HLCj1dSG/smu-3.jpg,,
smu2,Photo,"Josei, Mature, Featured:9",,https://i.ibb.co/7xz6j63F/smu-2.jpg,,
smu1,Photo,Girl,,https://i.ibb.co/G4L0Z2Rp/smu-1.jpg,,
